{
    "version":2,
    "_commentSystemDefault":"useSystemAsDefault = true allows to use system color and dark/light mode, this value can be overwritten in a theme definition",
    "useSystemAsDefault":false,
    "_commentThemes":"Theme list of the SDK, currently only \"light\" theme works in the SDK, use hexadecimal colors for custom colors, \"system\" to force use system color (dark/light mode) or use \"vg_default\" to use the SDK light mode default color",
    "themes":{
        "light":{
            "colorPrimary":"#7a1ea1",
            "colorPrimaryDark" : "#691a99",
            "colorPrimaryLight" : "#b927d3",
            "colorAccent" : "#68efad",
            "colorAccentDark" : "vg_default",
            "colorAccentInverse" : "system",
            "textColorPrimary" : "#ffffff",
            "textColorSecondary" : "#f3f3f3",
            "buttonColorEnabled" : "vg_default",
            "buttonColorEnabledInverse" : "vg_default",
            "buttonColorDisabled" : "vg_default",
            "buttonColorDisabledInverse" : "vg_default",
            "buildingNormalPinForeground" : "#b927d3",
            "buildingNormalPinBackground" : "#ffffff"
        }
    }
}
