<?xml version="1.0" encoding="UTF-8"?>
<vglicense version="2">
	<keys>
		<key>
			<!-- License for PROD SDKv2 (NEVER expires) -->
			<license id="prod-ios-android" timeStamp="20210212103520000000"/>
			<secret code="/JWmYfbWPdNyQBPyCw2J/A=="/>

			<machine code="*" expirationDate="never"/>

			<sdk id="VisioDevKit/2.0/iPhone/OGLES" expirationDate="never"/>
			<sdk id="VisioDevKit/2.0/iPhoneSimulator/OGLES" expirationDate="never"/>
			<sdk id="VisioDevKit/2.0/Android/OGLES" expirationDate="never"/>
			<sdk id="VisioDevKit/2.0/Android(ARM)/OGLES" expirationDate="never"/>

			<data id="visioisland.outside.20210212" expirationDate="never"/>
			<data id="visioisland.B4-UL00.20210212" expirationDate="never"/>
			<data id="visioisland.B4-UL01.20210212" expirationDate="never"/>
			<data id="visioisland.B4-UL02.20210212" expirationDate="never"/>
			<data id="visioisland.B4-UL03.20210212" expirationDate="never"/>
			<data id="visioisland.B4-UL04.20210212" expirationDate="never"/>
			<data id="visioisland.B4-UL05.20210212" expirationDate="never"/>
			<data id="visioisland.B3-LL01.20210212" expirationDate="never"/>
			<data id="visioisland.B3-UL00.20210212" expirationDate="never"/>
			<data id="visioisland.B3-UL01.20210212" expirationDate="never"/>
			<data id="visioisland.B2-LL01.20210212" expirationDate="never"/>
			<data id="visioisland.B2-UL00.20210212" expirationDate="never"/>
			<data id="visioisland.B2-UL01.20210212" expirationDate="never"/>
			<data id="visioisland.B1-UL00.20210212" expirationDate="never"/>

			<token name="com.visioglobe.modules.3d" value="1" expirationDate="never"/>
			<token name="com.visioglobe.modules.map" value="1" expirationDate="never"/>
			<token name="com.visioglobe.modules.routing" value="1" expirationDate="never"/>
			<token name="com.visioglobe.modules.navigation" value="1" expirationDate="never"/>

			<check code="ACbsJDbU8d2wIReY7t0iVA=="/>
		</key>
	</keys>
</vglicense>
